{
  "random_state": 42,
  "model": "LinearSVC",
  "feature_count_raw": 34,
  "numeric_features": [
    "duration_min",
    "distance_km",
    "speed_kmh",
    "start_lat",
    "start_lng",
    "end_lat",
    "end_lng",
    "lat_delta",
    "lng_delta",
    "hour_sin",
    "hour_cos",
    "weekday_sin",
    "weekday_cos",
    "month_sin",
    "month_cos",
    "is_weekend",
    "is_commute_peak",
    "is_round_trip",
    "start_station_missing",
    "end_station_missing"
  ],
  "categorical_features": [
    "rideable_type",
    "season",
    "time_period",
    "source_month",
    "hour_cat",
    "weekday_cat",
    "duration_bin",
    "distance_bin",
    "speed_bin",
    "start_grid",
    "end_grid",
    "route_grid",
    "start_station_id",
    "end_station_id"
  ],
  "class_order": [
    "member",
    "casual"
  ],
  "train_rows": 46724,
  "test_rows": 11681,
  "test_size": 0.2,
  "best_params": {
    "model__C": 0.25
  },
  "best_cv_f1_weighted": 0.6269456276052422,
  "train_seconds": 19.834703207998245,
  "accuracy": 0.6327369232086294,
  "precision_weighted": 0.6329821987170432,
  "recall_weighted": 0.6327369232086294,
  "f1_weighted": 0.6324470849681845,
  "classification_report": {
    "member": {
      "precision": 0.6282009724473258,
      "recall": 0.6600817438692098,
      "f1-score": 0.6437468858993523,
      "support": 5872.0
    },
    "casual": {
      "precision": 0.6378152785338415,
      "recall": 0.6050955414012739,
      "f1-score": 0.6210247349823321,
      "support": 5809.0
    },
    "accuracy": 0.6327369232086294,
    "macro avg": {
      "precision": 0.6330081254905836,
      "recall": 0.6325886426352418,
      "f1-score": 0.6323858104408422,
      "support": 11681.0
    },
    "weighted avg": {
      "precision": 0.6329821987170432,
      "recall": 0.6327369232086294,
      "f1-score": 0.6324470849681845,
      "support": 11681.0
    }
  },
  "confusion_matrix": [
    [
      3876,
      1996
    ],
    [
      2294,
      3515
    ]
  ]
}